id,TotalStreamCounts,PeakStreamCounts,PeakPosition
014DA3BdnmD3kI5pBogH7c,21575194.0,186191.0,5.0
015GG73Q1VmvLAiPIF1w8O,238138.0,238138.0,108.0
015cWxefajYwEUZodBvpfn,1048133.0,375774.0,44.0
01WDJ9gcaXFuNzY5ir9CaE,1750851.0,134694.0,5.0
031jyNUkkD02vrkgZDGJxu,7678762.0,210493.0,1.0
04Mm3BineGdy0oNv8NivQT,2149106.0,281103.0,6.0
04bm7NsIhRfTlLGDoKMEw8,3440230.0,259784.0,5.0
05X3a0YGmS1rbH50aL8lGF,14549305.0,290578.0,7.0
05mKTB04qMaCRHwuVf9HGv,198262.0,74602.0,80.0
0669gFIK8dYK9GGQ0K0QNF,10433484.0,794113.0,7.0
06mzDTYkBVBfWlzinhom9I,61567.0,61567.0,181.0
07b849p3xuq03EdlAo4CKX,6635886.0,131711.0,35.0
07d8eaOuAWdC0DANq3tdPd,7068223.0,573422.0,14.0
07tiPBhMqiKqHowwqDBtfK,4582116.0,344898.0,26.0
08GUMwJRpisuxHGyRzoSuu,8203346.0,603389.0,12.0
08RDjwmSMLc6QPmxrxXDq0,446204.0,106200.0,41.0
09eYSoem8gQWelNj1G9Aqa,4698.0,4698.0,193.0
0AJi38NumMDXqo8pRw6zdh,11387427.0,278162.0,5.0
0B1ZnYwYefkNhZeE8ZQpv5,6261786.0,137478.0,57.0
0BX2eDMZJrGzApf4ZGXrFi,15709026.0,794218.0,6.0
0BX2eDMZJrGzApf4ZGXrFi,15709026.0,126177.0,5.0
0Bk064jKjWtfdOD8UkcImR,6437342.0,82007.0,19.0
0Cy7uOfTjJrmHkNEPBBZxf,9822954.0,372198.0,1.0
0E13SojrSD7WpPyvzqZaKR,56976.0,29372.0,172.0
0Ekfndt5fc7A4toIU87X0X,19784.0,19784.0,168.0
0HAfl1uPBf5qTMiuAi6Ym7,6092504.0,423305.0,34.0
0HH3DAz5feqJmDA50yQ52M,181102.0,98705.0,86.0
0IaQqjhhn7Ls6jSQX2MoQ1,151605.0,151605.0,196.0
0J2otOvMdg62gVMMjwOvSK,2812940.0,126072.0,7.0
0JKEP4dB1riE6l7Kq5kJm1,1377282.0,267615.0,3.0
0KnWLhf5GqPEC4m7sHhxrY,219657.0,110222.0,190.0
0Lf0ydJp4nbcEkYgPtIUuD,4236026.0,205822.0,147.0
0MHnLceZUrdtNGydSnBM6J,17755.0,17755.0,161.0
0MOxfxgqBnCmy63x58ChdP,66086.0,33943.0,155.0
0N0mWZBWhAcb0SIqYmv00k,421378.0,274641.0,59.0
0NTtPK7yNN4xT1YQTMxu9y,19447.0,19447.0,192.0
0NbEWzChj7p6A6ZiyPvEot,214951.0,61472.0,99.0
0NbOsvRJuzKhaDlPxTNFih,54407.0,22957.0,13.0
0OIed6UFpfT2nW4BffD7Js,1313614.0,528504.0,11.0
0ON38MgDpAMcRC9ULx7NOf,77434.0,77434.0,133.0
0OYyivKo7eLtmHzYagW60S,677294.0,56740.0,119.0
0Pf2hR940vgS9iVk4CriZX,461271.0,151337.0,88.0
0QIBqBajZLLcWfL6mpVsN3,3024487.0,333384.0,59.0
0QrWEhI9Bb0MHQwfSIHfzL,27844.0,27844.0,200.0
0R6NfOiLzLj4O5VbYSJAjf,,,
0RKggS4he8LozKqMv09IrM,2986058.0,321176.0,41.0
0RRaMSF6sPNAvMTntUiv8m,489570.0,195904.0,99.0
0SLzsfxED15vyUccX4bCqo,10685430.0,1012873.0,5.0
0SMpkybKsjUeONDdUCW69e,690612.0,181847.0,120.0
0SipHvQl82LyuU4t9Zkf8Z,737016.0,154121.0,144.0
0SmQ0UWeiHKQtxUej4Rem6,10367966.0,236333.0,6.0
0TAEZOaoZx5LBXEkePNrt4,279358.0,103658.0,48.0
0TOsszupHDNUvzadopZv3A,53131.0,53131.0,178.0
0TTJufXrJgRZUUV7brd2hT,206049.0,93495.0,35.0
0TcbY7JJzalPExhhqpgAQM,416278.0,158581.0,130.0
0UkWvPZauWiBjWGuXFhZQn,430510.0,37168.0,144.0
0VBv6oyMgeEBOIysaSV9aE,84987.0,84987.0,180.0
0WjdaO545q9Qn4SQtzRQu9,873687.0,279661.0,72.0
0X28PqBpbQhWdi4usYw0w5,17568429.0,1216757.0,3.0
0Y2ipMuhAlOnIkTXcCKWlL,180300.0,180300.0,156.0
0ZJcKRLc0dZp24G6MkvSnq,41431.0,10577.0,62.0
0ZP4bO2ywAv44HiEzzHaq5,9587533.0,274020.0,2.0
0aOOB0EuwnWuoAqzR4THA9,485460.0,113698.0,22.0
0b3N9S5FHJ4h9k7IsKDVSy,743644.0,45587.0,100.0
0bgJPIvefuRnEU4MNJuJSA,4707264.0,506807.0,2.0
0bqiS4Vi6vWtOj9woYfAJM,267509.0,166639.0,112.0
0d0X8B4ZahEeCBdJ6JHPeN,48675.0,48675.0,198.0
0d6dbFvKczX1Us3J7TsMMv,8656000.0,192270.0,8.0
0dAAZHmjRcE3yEjeBZQvCg,1177507.0,235573.0,32.0
0dBKcPEAsdxWJsqNDNHcPz,9050189.0,533946.0,16.0
0dHUKYXP9PJMN0RpR9dpFR,6744922.0,269420.0,3.0
0e6fZkLArSmDIHnZcIua7t,11666424.0,715983.0,19.0
0e6fZkLArSmDIHnZcIua7t,11666424.0,110052.0,14.0
0eM8iGaE97UCf9yYbDiMA4,578694.0,163578.0,117.0
0ezCZF82GYZFV1W6W1os7N,3492652.0,599202.0,10.0
0f4VzzQxojITMkyHY6LCci,419140.0,148223.0,132.0
0g7d8Y9Y2BP8qFZDzngnSz,858005.0,216417.0,59.0
0gKSm3EHJhyFeolcmO6mYS,85516.0,43906.0,185.0
0glDqpRJ9WyPHI1AXk0GcD,30506.0,30506.0,185.0
0glPN37HvVqCUh1qCWBKo7,344288.0,145807.0,23.0
0gzpqwLf1jhNjnSJEyweAX,21153097.0,445790.0,12.0
0hGuiTI3U6XjelBbPf4YqG,364307.0,59999.0,53.0
0hiQvlWSSTr7n1kc1X2Lus,18430466.0,220297.0,59.0
0hmRGjLznEdlzBf80x37Xt,48048.0,20285.0,179.0
0ibp5h8QATkvC6P5cO5TUV,4886508.0,183675.0,29.0
0jV9S5sUnQSEvwMSXQ2u4l,793854.0,215305.0,45.0
0kHgteR4TV4LO80wrasDSR,27025615.0,875706.0,5.0
0ljbDAWHXvX6Fbqy2qs98U,1426952.0,144562.0,7.0
0mc8HGMSYoMxRuJma5bslY,46708.0,46708.0,107.0
0mhfW8VkkCQBUSDqHJKJnA,229748.0,115611.0,134.0
0mjCVMElNTISeFwF2VdWJ3,1772300.0,125857.0,76.0
0o3rCh03ubOUAEI972qpU5,738565.0,171722.0,122.0
0oL2jCTf9P9a7flY5mCpYu,2691779.0,252413.0,96.0
0oSc7X1uRQGuEqNRtXEeQL,8586041.0,2230677.0,1.0
0pavLg3wbL6PVXAgXoWv4S,407720.0,237076.0,119.0
0phm7GkRTCRI9OQqTJvG6q,616066.0,203972.0,55.0
0piLGIj0C7RR4B2gowEqmO,1305767.0,34901.0,59.0
0s3OUtMwTA79PkhDHUtfp3,88593.0,28990.0,72.0
0s7RyyUlQfd8mnnboHe18n,17587916.0,617169.0,20.0
0s7wXifcEHCo9OgELbNv8d,1443039.0,35978.0,4.0
0sVd1ZavOfbqd5AHspc1Tr,1402311.0,81076.0,76.0
0tGmDUHDoT8pxYhgAT3yNG,10473902.0,876822.0,8.0
0tRpWjAPI6SCNcOMQGw4z5,221806.0,110978.0,139.0
0tfMfqHC3Pl6DG8kcIjXq9,107186.0,107186.0,200.0
0uRpE3YtszcI37nUSBusmq,94019.0,94019.0,98.0
0vXAYEWak7KiyGdbth8Gz6,2951722.0,286428.0,75.0
0x5BqH8iC2Y2lTMxAkNAna,1777976.0,290681.0,21.0
0xi7bCx9m2rgPbCN6Xhlel,211222.0,59590.0,107.0
0y4JreJemfzXhr3NkKCm5g,54530.0,54530.0,173.0
0ymILt2M0bSmIr6wQzodN0,272316.0,81085.0,80.0
0zCGKGZB5aySnQQSHWRGIT,823677.0,156291.0,9.0
10AZ3ChoIGMxvcCoFsoFjf,450221.0,174237.0,110.0
11OxuU5y7ebAJyKaY8dOl0,3017900.0,133816.0,104.0
11hcyWq7qSwBE3bvv5Ialn,8872941.0,175516.0,67.0
129tzbtZ8PRLVo33ymZigS,52567.0,26640.0,183.0
12rIwDpMKwx77nV5O998nB,2693304.0,378885.0,41.0
12t0f9NV6eEQXX8SPaI6AJ,261428.0,75362.0,88.0
12u5BtXNMTifuzasyXzbOU,164106.0,164106.0,156.0
1465dD5VklIYHkKfcfirkU,2396239.0,405829.0,36.0
1503Da6qbgNifRnRwIjtZe,4683771.0,178359.0,1.0
15yC0BCinDyknKpjk0VLku,31786.0,31786.0,194.0
170CNv2CAZn8wg6GxvHXYC,521408.0,110408.0,141.0
17vw2n25C8g7KKCilJ3pER,1410715.0,118832.0,68.0
18iADruKMXIloyA9vCJXFE,7065889.0,267757.0,56.0
193luTcDfusSUv3yqs1gGj,1565636.0,497361.0,11.0
194xS2oTIYL5u1IK0Q0oj0,1162195.0,155397.0,62.0
1As8r6FTcDZDSKndGtJHMm,3960522.0,364302.0,51.0
1As8r6FTcDZDSKndGtJHMm,3960522.0,54899.0,48.0
1DkYLzjwHaesQYObT2c3X2,336804.0,203041.0,75.0
1DmMJL7KrTEC5MDTvYpfLD,207130.0,91600.0,52.0
1Dyf0sRNi4bns4TeWgKpVY,4280952.0,99537.0,39.0
1EmMFSLRVkOszCa4ul9z0F,32555420.0,312899.0,1.0
1GJ3suxtUVaguVQRemw6Zp,15498836.0,261068.0,74.0
1Gqm6KaobG2A1mFVjGnJsS,167152.0,167152.0,166.0
1HWa2i5mZzs2VImVqwwfuI,1796702.0,156852.0,64.0
1He7z9P4RbIAa0rNCUaIMN,726408.0,201120.0,104.0
1IyaXs95EqH8emANUrhRwH,213443.0,28673.0,110.0
1J12HjUuXfJnaUdubTEzSR,30769154.0,423511.0,35.0
1K0HQ30Wc11okzlcnFA7Ub,41461432.0,936223.0,7.0
1K3CXUYKhLYN7koLW5WQjX,12997214.0,641803.0,5.0
1LxaXT8hwdBWSNpOqTjF8R,4746980.0,403320.0,13.0
1MU2oGnL6EdBDQ02wVUOMX,6595.0,6595.0,94.0
1MiJk3dXC5jzhvLFP0dUM7,33555826.0,370936.0,1.0
1OcT17F9VeSAvLBlk4GBc8,170690.0,170690.0,173.0
1QKaj0g8pammcGn0JU8nnd,867864.0,218638.0,38.0
1QwSqNlknVSTdmmtjsOGM9,506907.0,114748.0,43.0
1R1AFI3iNOYr0pGHwjFQBG,8513886.0,240540.0,106.0
1RGA13K66cABN7nYek6WNk,5613625.0,276968.0,17.0
1RQ4efnLx0zyowptKD5JEa,153159.0,153159.0,195.0
1RRMwNycLH4pOgpdLj0iFk,152470.0,21857.0,17.0
1Rl6XZjjYq7zBJGALyGTZH,1016112.0,171722.0,122.0
1SIbk8ESYxiPiYjzLG01m4,122264.0,122264.0,118.0
1SzlLbTE7hTs75M2R1a1Tg,2786838.0,87729.0,32.0
1TJtZKZFq2rdh9Wfpm15Nw,744043.0,210400.0,48.0
1TcmqSx576eBcuTxTtcEAk,2815143.0,390732.0,42.0
1UDAnignfiklanSQ6MfPUE,86968.0,86968.0,106.0
1UL2QMgWPeNCJhznvr99Jk,409007.0,37241.0,137.0
1UQNU5O9VttUgO16pxUnjw,8656651.0,325096.0,57.0
1Vla7vXcM0zimotYpresDT,10337947.0,526510.0,7.0
1W5kZCi3DyAwUu1flTIHdZ,222385.0,114920.0,183.0
1WCAkmmTM06in2ojuQ9CK5,1575866.0,221243.0,9.0
1X0cRJUAsFhEnaBhs4H7Yj,70754.0,38545.0,125.0
1XEOrZGHhmBxYciyWkkrs3,373101.0,146787.0,75.0
1ZSwYD21wiQCx3VYrnQHMm,285476.0,165295.0,111.0
1ZgiJ8fiSEwd07OpB9ZuRz,3822518.0,400521.0,15.0
1ZrADntHAYV84R2y1Op3Eg,2358694.0,90792.0,1.0
1ahMIChLwnLRGDu5AhMWZI,350585.0,183037.0,160.0
1aw1KeS9sT1mKPzs2hfqCz,836275.0,26090.0,140.0
1bG6Q8sR8jda7ryI365y8o,32779827.0,1678086.0,1.0
1bRsQtD0IJN7D0aCslMg44,355663.0,136887.0,89.0
1dMJhYvyH7I4RGcLUWAg3p,100274.0,11630.0,39.0
1dUmmBh2nw8XzEI3au0uFs,21000425.0,289666.0,4.0
1eXc2ZMStMsQ5cuUrFCnlO,525685.0,161461.0,82.0
1efLujNOuRkB1zwpNKGeea,81189.0,46302.0,121.0
1fFvYVg1v3rpUSqKNCUh7b,657375.0,138657.0,173.0
1fMLlneaBGENo5jhG1nZrM,31855.0,31855.0,119.0
1hyDeosKOqqI4YcqFgzNlQ,316445.0,105325.0,92.0
1izPmgSW7FV6XFdEOiTvOY,23863739.0,238224.0,27.0
1j18WxScysqcVZnCSc90nV,46873.0,46873.0,184.0
1jtrGtWxnZUeKtSN4Xxh1e,264688.0,43996.0,174.0
1lNJbioKb7Zue9sf2wcaWN,65476.0,38786.0,115.0
1m4BSQjgXAfoR4dBAapAr7,3817538.0,160862.0,135.0
1mKDbug8bbfDmLe7I4CJpe,20505375.0,221112.0,2.0
1n5vwy1usk9prr2Yuh9Lt8,82337.0,45370.0,111.0
1nut0CDNqlXFtV4U3Md5ds,257076.0,74052.0,83.0
1o6cYDMHvKOfizi4d9Lqxr,33653227.0,708196.0,3.0
1ojUtV3R0T0fKfFaAiCT2S,32675.0,32675.0,193.0
1pJ2smpPxbfAYqPsrbcXFP,46993.0,25081.0,141.0
1pQHqk6qWM5xbNeobMCGBZ,3365626.0,275246.0,3.0
1pwyiEOvhXLvlpzTZcgfhe,1510144.0,291815.0,53.0
1q83e1qvjHBPCgOvdGSKZ0,225110.0,117051.0,141.0
1q83e1qvjHBPCgOvdGSKZ0,225110.0,25781.0,65.0
1rCurScVWswOm8jVmCOLxn,95456.0,51000.0,135.0
1rJyVbXb3njXbN3lokllKf,539998.0,27638.0,114.0
1reHbbphR273qQ651F6Vna,238731.0,33168.0,6.0
1u3aGopt09bxmUDs8c94XY,575622.0,113419.0,169.0
1vtQjPCcdE7FgrxQd5doWP,1180799.0,38429.0,100.0
1w3eUC89GPspKpi62tPwjt,22103822.0,287727.0,2.0
1wG0HYACxdu3Kdz3mI4ca6,369298.0,196045.0,136.0
1wl7BgRuEYJfmINb0ncS5b,214987.0,40484.0,122.0
1wmYHps3Ww2wfG6FEmjzuX,71549.0,23822.0,48.0
1xoadYaxtOp9gHDwgmPDuz,38194079.0,323601.0,3.0
1yo967mk7CpjvruNxBecOY,9652121.0,258426.0,22.0
1zzCiwKpbS6zNC3OAdejd2,5338031.0,533835.0,15.0
20jc2qrUesWnyDYnWq0XW8,2172533.0,194609.0,152.0
21x7Ld7I7X7HQtDgS8al5Z,2481942.0,410135.0,35.0
226ljdOTLM2clGpm4mZvAm,10289011.0,572865.0,16.0
229P16G6GFOCDUNiUNusc4,236900.0,236900.0,112.0
22oXPVbCf30gA4uMIvPvpP,239129.0,69552.0,132.0
23SUnSd024ACX7u1AUXsGc,6321933.0,557988.0,6.0
24YjMHwrN1di1vXrpj4z3C,203366.0,203366.0,98.0
24YjMHwrN1di1vXrpj4z3C,203366.0,54726.0,32.0
24eClW0wZh5fFEFwsUWdSG,5465084.0,569627.0,16.0
255vSRpVq5YYKBJiem1BVx,23159790.0,582880.0,4.0
25edeHHueINMguqu9emCyV,35109958.0,263976.0,1.0
26zqmmkqUK6mCc87XDzPym,12473711.0,548290.0,14.0
27AEQr4wqfHyVpwgFgnGs6,3627650.0,283176.0,69.0
27F22WcGDyl4Z2KylVJkXL,10935325.0,280889.0,14.0
27Z9T0mSWHYWSj9SNOGvyt,26833214.0,280292.0,25.0
27fqy8VruqYZlKiK1qfwEd,4172605.0,330520.0,8.0
28bxbqNcAuNxYDZYet6eZ7,26484471.0,434649.0,9.0
28ncfVOBRp3HGweSZ6Wb8C,385789.0,114290.0,173.0
29Tj2R8sZZ3fzlXZVe1OyY,5281497.0,400582.0,38.0
29VSQCxul5FNmpi4gVR7Qn,415646.0,149494.0,137.0
29cUOvKfTmx9SFDC73QHv5,496454.0,150205.0,90.0
2AA4UcXp2WRvsU9cyHT6Vy,3035667.0,245154.0,7.0
2AA5DB0Ehi28UdYrAU9xnA,1994893.0,533835.0,15.0
2AVDBKzxzTjLB91WVTfIlA,721052.0,519069.0,15.0
2Asy51yFMEG8Qjh15kvQeD,3086151.0,207708.0,125.0
2BqQ5ZM73pNugfd6NteCPe,1368566.0,134066.0,14.0
2CFC7iLurCyDYuXQcfem2l,6553009.0,243210.0,69.0
2CH9JPCmEx4F3nm6TwHPxs,146155.0,146155.0,154.0
2DeraySaI3fomlDF6S2NZa,327744.0,84191.0,101.0
2DzFmWhrnRHROJuxW5e1t2,1007923.0,160196.0,125.0
2G5ujw3rrWcAXQqT8PVnrz,1154346.0,214610.0,121.0
2GE2p2dFpxp7OIz2QOFBzW,17523943.0,923227.0,5.0
2GE2p2dFpxp7OIz2QOFBzW,17523943.0,148203.0,5.0
2Gt0kVB7kHnJZi0GTJe4Qm,668232.0,24307.0,133.0
2I9QJOvD1lamK9tHffY4La,284763.0,163945.0,104.0
2Jaaw8PrdUfPlU6o6tL5dl,16689255.0,157975.0,3.0
2JuHIbFudHwDqQssgqsH3i,22961143.0,674619.0,6.0
2LX16d9LWQxmlUiOfxHKYO,312626.0,85910.0,69.0
2LhaQUFez282XCuTDSTDcV,2244727.0,235390.0,10.0
2MFqzQ3eJPM1dHCaioyU1s,438925.0,160603.0,139.0
2MT5rzYA4ZPCRZlbXyV660,83362.0,42563.0,168.0
2MjpqyEA73TzenhDmj0RFN,2099991.0,76921.0,57.0
2Nwi8X3bmgKU1zMQUsDTah,180591.0,95823.0,144.0
2OBZtEg8DXhICWYd6yvicf,894309.0,192516.0,53.0
2P9M7q49JXnwiab4TosOpW,889931.0,29437.0,78.0
2PYDUM2IC01FOTDLQdFxJP,19993724.0,195632.0,27.0
2Pwou3Q2Cf59RxdX2V6MgV,7173596.0,749823.0,10.0
2QCbYz4XN9mzi5LJBuB3iP,133691.0,133691.0,165.0
2QUU1AtY5fndKDNbr17EFk,4298371.0,384388.0,10.0
2QpMK4mvdyFW5N0JYohVdW,330950.0,42832.0,106.0
2QyOYFAxW2khNYee4yeT6r,1528683.0,171246.0,16.0
2SjNAO9lrQYRlXJK5pXWcn,18784.0,18784.0,147.0
2SmnoPHetB88xJwC6HJHGv,2568673.0,387295.0,23.0
2SqS42nIu3vLVYOaFelbar,92794.0,92794.0,177.0
2TqjLbM2E5I4ce6iWTdXly,847922.0,79636.0,123.0
2VHXCihhlSC2lUFoCaemRN,6274509.0,252786.0,13.0
2VqK7TIkcS7QYyubTvXqOW,371886.0,40054.0,130.0
2X2mIfNW5ZtLmVgpm9rgUX,1069718.0,228428.0,34.0
2YuINjtFaEi9E9WRv90bK6,1263804.0,573422.0,14.0
2ZJTmYNOA8k21yUtLXJG57,6353598.0,517456.0,2.0
2Zos792uWaDCqqnmPaBH1x,309503.0,126918.0,35.0
2a5hng9yXtbjtTVVm9UviC,21984313.0,473030.0,21.0
2axlAOp86SPuqSBlwLw4WM,408278.0,83526.0,47.0
2axlAOp86SPuqSBlwLw4WM,408278.0,14662.0,28.0
2bCmM1oT89JOpA8EdDJ51g,44336.0,44336.0,119.0
2bxVMMRP6AHvUVXHQrIBy9,325516.0,71829.0,73.0
2cHvbenIXJdO2yYWQry26q,677003.0,58941.0,92.0
2cJyuhqcXvd6ccvAn8NXsL,5574152.0,191321.0,62.0
2ctmaWoBxLBYiZB7AKmK1D,4034281.0,337851.0,33.0
2dPJtlvoa3GDowCh035M8P,4403453.0,387220.0,47.0
2dURSB1lDn5qiOyHLEZ34I,56576.0,24417.0,9.0
2ddbldKhKrYvOBbYa87cbj,6159361.0,532444.0,13.0
2e6uyFP80Vuaz7V7bDWD0e,1865274.0,337380.0,42.0
2fDFssQASymjUb2B3XYdpf,1125617.0,214165.0,86.0
2fxGSbMxakUf8XUd00rmED,3959681.0,78476.0,99.0
2g68ePl7VMltuOiuSTAz7I,2299459.0,183099.0,50.0
2gJJvC4a3BJogzRciwTZU8,171033.0,171033.0,195.0
2gT5LL3uRANxvvmDxaULbQ,3825976.0,37629.0,4.0
2hLg1Pbi7UFMGGBqOPY5Rb,43644.0,43644.0,167.0
2jcdws2044suWnDo8DTcKC,143534.0,143534.0,200.0
2kauMp3YNHXULGXyJh4321,16616182.0,843856.0,9.0
2kenOIzz3AlVKF7wGqzH3F,130850.0,68834.0,115.0
2klsSb2iTfgDh95Ak9uWY2,5048914.0,142463.0,17.0
2lGGlexu72TnPQPUHd8NWt,415353.0,98855.0,61.0
2mYjBkAtCUXRG2ioQmv3Rm,99596.0,59382.0,96.0
2naHX4cacns359w3ugyt3P,3976311.0,367774.0,48.0
2o4dDfLK6NVI7TjBm5VoMv,19375933.0,239904.0,33.0
2oVLEoBVDvYrGmzrU7dEm5,17370661.0,1032397.0,5.0
2qWP5ZarXRsdmxzz3L3BtP,17485460.0,227149.0,27.0
2qc4FFBylFT5YhvMJMX50R,2574824.0,352882.0,45.0
2rDtJL39iMme6RgWnETEWP,318745.0,166678.0,157.0
2sJZUN3ymHgsLCqGCbszBJ,427439.0,77684.0,9.0
2tAd0IDLH3nE8gJlxuB1bt,51265.0,21886.0,14.0
2tZjAcLcg7k0p0c1wA3Ggk,218773.0,132493.0,93.0
2tg8L2ls1k19B2SvRKBnJh,2380351.0,173349.0,13.0
2uZmeuNAxSm7XfVIwLkhCx,24345083.0,470432.0,14.0
2vRkwfiy4Se8ddUSkdMTmQ,211004.0,117195.0,49.0
2xOhv7XudrBDtkID1jwsFE,26117240.0,1159599.0,2.0
2xOhv7XudrBDtkID1jwsFE,26117240.0,175619.0,2.0
2zRzmGerfTxc2epZHgaTdh,18162497.0,215663.0,35.0
307iMiCYAKX6sUG7P4UKWt,8003209.0,213291.0,7.0
30CXPFiHrPmKxAxPpiMlLw,814385.0,214009.0,118.0
31Rxc3kfQjI7WpaRKskQs2,306823.0,29530.0,100.0
31VNCmwspR7nVJ6kruUuJt,36101744.0,3445288.0,1.0
31VNCmwspR7nVJ6kruUuJt,36101744.0,689902.0,1.0
32K6zBYFUUxKrdsoZd7k3v,1006178.0,36154.0,115.0
33S16Xa5cZmLPhn6eZI4Nm,7096367.0,267489.0,83.0
33SYx5viijwLGMqfl50FKI,1807153.0,258833.0,25.0
33dIUFKBA7U5KHs1fdBw8b,128325.0,128325.0,104.0
33weHbON0j21ZPUMc0ZKTt,2763657.0,110063.0,15.0
3440g8awr2l0E5Yy2X5Epk,22398648.0,455060.0,3.0
34uOIsoy6ETS2sxOTWBRDF,6503373.0,825252.0,1.0
35gc5FTZehQ5DF2BI6wkgf,3894736.0,585958.0,27.0
36OyVzUmUFb1MTTzy3YXbh,7849758.0,964968.0,3.0
36fgG6NiEuQXznNgf5y2Ck,4046522.0,470300.0,31.0
37GNTP4wB0QSkUwcTWLHKg,1290668.0,134735.0,53.0
37KEMM9tMw5Tb5GWlBmOVM,236872.0,118692.0,187.0
37PyxXH5vlbNcYwxOHbfFn,118618.0,64081.0,141.0
37kfF2bDr3O2qmOYNTgDMT,929628.0,161459.0,59.0
37od1g713ZvI32VA2diR9L,766555.0,137517.0,97.0
37ull7GiBZRLhWYDBIYZzW,4018943.0,680071.0,22.0
38MI5LpTajiO3A0DQGcCmu,969788.0,206740.0,47.0
38rjRVqEHSlDRrDWDvjkqW,19449346.0,584785.0,1.0
38sxHKwaMeDAn4ppmilyas,636149.0,120698.0,8.0
39KWnPNEvbXt423CzjvBfA,2530568.0,192508.0,95.0
3A0QLMQn0XqmCrJMInLhYg,921228.0,247081.0,69.0
3A9A7mfVDVm3rrS9SMGhg5,18469256.0,449692.0,22.0
3AejRjgBsFV4HWHjJmmEP7,15324789.0,204021.0,22.0
3Alwi53Ahc2GwHgvel42b2,15761070.0,1058785.0,4.0
3Alwi53Ahc2GwHgvel42b2,15761070.0,168315.0,4.0
3BnD2G2bRvtRiLssSQY8oE,207192.0,52778.0,175.0
3COYA2vgfcUhDyRlVpZy5p,20166131.0,1229286.0,4.0
3CmacJj7VC4W6daC8BWd0h,25668511.0,2123484.0,2.0
3CmacJj7VC4W6daC8BWd0h,25668511.0,334762.0,1.0
3CyGK8BeJ5iCunpzvHyINs,5544707.0,497288.0,10.0
3DLtPObflLQBodZN8qGODT,25242246.0,328631.0,18.0
3EQjXzlXY0dyOovq0Awe91,3441339.0,689967.0,6.0
3ER1r0HipeSSu7YNImC6vd,4921829.0,291679.0,61.0
3ESeHjnPRxAg4mW3KsFyXi,830520.0,47147.0,100.0
3ET3xHCLMGd57u06A9RjJ0,13709216.0,267224.0,79.0
3EuOQ0v6LxsNFSf3BF5wrw,17356.0,8741.0,181.0
3EvZ9Ztgy03uUhxlv8PLf3,309797.0,190834.0,64.0
3Gr6ucPp3qJbBZ3yrGmZTt,157443.0,157443.0,90.0
3HJ0EW4kd9S1NRCm039Fsk,9340096.0,159492.0,1.0
3I024mr4TcQb8W9cNVe0ze,1251952.0,271849.0,37.0
3Ids3RXurYBgySph53qWnB,5090927.0,606924.0,16.0
3J3nv18iIrOhca1ZWNeuyW,10282671.0,176006.0,132.0
3JIfmjJbanxJkwaPzYa2gN,14028959.0,818219.0,5.0
3JIfmjJbanxJkwaPzYa2gN,14028959.0,127409.0,5.0
3K7RddI2L8Wiv7uIbrhfLc,19229882.0,529688.0,11.0
3LGNVNZeEIUwdzDvnUO73V,3728623.0,53519.0,49.0
3LfiZlWffAqGOAQ6sKjoJP,685724.0,69239.0,95.0
3LlEZ4J1ORcgP1WmTF9pIX,68367.0,34276.0,183.0
3MlvHVRytWiXpSHEeZVF0I,842656.0,238342.0,125.0
3Ndroo5HpBKKTRGYReAYHM,2496835.0,239626.0,61.0
3Nn9QjxOEj1pleW9xTG6cq,10591614.0,729164.0,13.0
3NvH1v6NOxlawEoCXjg9sK,1589583.0,215995.0,81.0
3O3h5nceJQgZ6wMIPCoJzj,453954.0,168472.0,128.0
3OVMe3H6iAxbLF8iD2UYrw,25740700.0,2555804.0,1.0
3P3rcI48wwVEgxF5vPM6pG,11612484.0,222310.0,73.0
3QjcsqERv4IfmopRvXFoWB,1761743.0,279292.0,65.0
3Sg9sJ1VxG91hvcRFrVuH7,1668782.0,38736.0,48.0
3U5WFUIgOaA1U7GdTs4yjQ,3880483.0,243669.0,2.0
3XCp5o1FUpAH0aj2Hmj5yz,10706543.0,603389.0,12.0
3YctJXK6kznnWl68TnYobN,35381009.0,699345.0,3.0
3Yfedn84e2VLXSVwmowqEn,754103.0,178245.0,16.0
3ZbZtdEw9U0uZW4tZItIwq,37706220.0,902974.0,6.0
3b34161QoxLwsqhWSPy9i5,32550362.0,204075.0,1.0
3bEAVuzTJ1Pd4ZGj2ykqnB,5130.0,5130.0,194.0
3bZGGKrMQLDGg18y2QqKFF,7368266.0,213291.0,7.0
3dvkpe9FEekxxgaQtxOHQI,6235974.0,175174.0,27.0
3fw9v7CztM2mqu1jCtbg9f,2020027.0,235875.0,37.0
3g0Dwgd36QRmPecFIoubg4,1397492.0,254995.0,36.0
3ho1OQb9SFtCt3MIiRZ8Si,2850383.0,224464.0,9.0
3hqOrxH5qPlvrApcb7Ac8c,22952668.0,370914.0,33.0
3i6VNcn9dFpU1K2ZaMFHTC,1069521.0,149746.0,108.0
3keyZ8cXkQ57melgiAsJ5m,602490.0,181934.0,57.0
3kwb99PcsCYFYcFB0jTr1a,139092.0,139092.0,166.0
3kxFvcB92qQg9wl52CQ7aV,3187750.0,276479.0,19.0
3lgCCIj5kUu8IAbJarm9oz,433221.0,164981.0,100.0
3nAwC1qVqRQYiRCrp6q1dU,5433048.0,148299.0,142.0
3nHbNyuUsVmtwHAcpeOrZR,248430.0,49468.0,71.0
3nkG7srXxyvQpEgiMjQgDm,103599.0,103599.0,154.0
3nnTAS4qhgtZaWtx4MkKQ0,35234.0,35234.0,189.0
3nw5vYaH4qVx8joq3qhtNx,5977950.0,169865.0,103.0
3oIKYROTi2wREKdnqq3yAp,132754.0,72150.0,145.0
3pbbEjmAWUHbGgWV8evyfd,196796.0,61500.0,102.0
3pgwxYRPbYIC6C1J2FPge8,1050997.0,248422.0,16.0
3pmDpi2XUdGGInqXQbOIaM,964068.0,208950.0,127.0
3puPTaE5acvWNGaNSoM3wT,248108.0,87512.0,173.0
3qllaNK66kKxX123f0eKpj,1307216.0,253633.0,79.0
3rtOU0GwlsbCNiCqEDLZUN,5204834.0,392044.0,43.0
3rxbssNItXaXyqc0wJUsYC,1378433.0,389688.0,22.0
3sV8ExJeOGXbanczafavZv,7559340.0,407040.0,1.0
3uT8QfoX0BE8ZJa4h98LDW,29194681.0,1021351.0,3.0
3ukrFH17Zl6iEZ2QJ1Zwiy,34168011.0,451388.0,3.0
3un8UkiPHJjlsrTHQnisXH,21463795.0,2119284.0,1.0
3vWCRttEOSRmXZs8jfAPSX,1011808.0,368503.0,27.0
3vsmNXDJsCUt2ESWPwFaAv,1863742.0,311533.0,56.0
3wn8HJNjkY4wzTBy35ZvQ6,16602224.0,307973.0,9.0
3wrzXRNJVxwOByPpYjyujB,505627.0,54096.0,109.0
3xlhYIhZ7heAvohmw3uyfd,106967.0,106967.0,123.0
3yWacnoBnM0lrzLmXAk44d,5275513.0,384742.0,25.0
3z6En4mQQJiDQquVkOcBam,179787.0,179787.0,171.0
3ztP5O7dJSha2PG429eUCb,1818811.0,260267.0,53.0
40jjlmDAskFndmzjWVoCQk,1499057.0,423617.0,42.0
40pWxpbXoBYGPCiofujjZ6,12624219.0,787280.0,9.0
41DlPJXKTCypXdf2eSqa03,25716750.0,1394677.0,4.0
41aMYNen9G7uUbqLfV65cF,10865905.0,144296.0,58.0
42mIT9wfmgA48DTN8GmCxX,631824.0,125723.0,19.0
43T0YSkbVXO2gBTJriZhdU,67380.0,36561.0,111.0
446ygEWkggc5FMbBPQSMuM,14349543.0,944950.0,7.0
446ygEWkggc5FMbBPQSMuM,14349543.0,141080.0,7.0
44UFK3c62FzOHSemTpz8ZM,49340.0,17731.0,185.0
44sYmL97Lv8mEbzgANFkPD,3012506.0,308995.0,71.0
45Mswno1F7FoZkcmQkp7fi,27366853.0,405591.0,1.0
45PPoUgqs3JrhkZGEzSUHT,15613434.0,232435.0,24.0
486dVHo58R4EhBQjcYF2NX,4186371.0,739669.0,5.0
4A4Qdq6Jl4XilO2FS1sq2y,612333.0,138091.0,147.0
4AT7ZRCPu3jDxA4Y22IO22,1940749.0,157416.0,27.0
4AgFXIVT7hVhBZ5DEOaLu3,25230726.0,297018.0,3.0
4CUvVaAYuXtvYURLFz7EIL,52697654.0,468550.0,3.0
4CjJf5bzvv5ZuLf2FJqlWY,2193218.0,131918.0,43.0
4CrTXVuKQnFlIoscIDgMCq,222741.0,113944.0,135.0
4ElFTH8hqX7XkzRbCtktfi,1059663.0,241953.0,104.0
4HHtyJdZVuefcyRmBUcyth,1032380.0,191288.0,50.0
4Iz5EWPCAT8jYNk4IpLoll,26113720.0,257013.0,10.0
4Jp3HONKA2ztto0nDs8Qgt,179747.0,34679.0,128.0
4LAdZsiks8vsw3e1iZQgVY,1937971.0,162189.0,170.0
4LOhNmNsr4JSSQqTIsrUo1,2460023.0,87875.0,9.0
4MRXbWH2BzuUZcoabj6HRh,12080824.0,136114.0,26.0
4Mne52NZGUzdlPZSzjQM5f,96261.0,96261.0,142.0
4N99EuIjwSSFFFMDfTeOLU,18015388.0,230886.0,62.0
4NTanSVXBkQ2NmDEbr2vLE,17012827.0,865973.0,8.0
4NjYMfjV1bonlQxQFUjE4Y,3424228.0,139557.0,71.0
4OXAneZHFJyQV1RuzCzmH3,6106346.0,257056.0,79.0
4PCh6DAkUYKnEmvjV4ouOs,3764012.0,663676.0,7.0
4QjxvzEFwb63NZ1pp3wvHy,861532.0,289666.0,4.0
4QkTMKgtkI6P9v9NRzSswS,861354.0,249098.0,103.0
4RZJObXQzsKQLd25LBjBG8,2811427.0,133343.0,48.0
4Rbnxa7kFSpCHNPJ3uZhtR,5366270.0,181738.0,9.0
4RwQ5UUOgphhjBM8zF62RQ,483833.0,140011.0,31.0
4S0uLMXRoAjFfIJOW7A8aW,14974127.0,183005.0,2.0
4UxaMIzEAHLGmNeLoutSaL,30650.0,30650.0,180.0
4V1BqUA97pWQpPB3gxWwoQ,2776172.0,139024.0,3.0
4V2MZcxyltQ4oKSdXOZoV0,109543.0,55435.0,109.0
4WZf4gJ2MvBec6XPdUiqcq,7331168.0,508333.0,19.0
4WZf4gJ2MvBec6XPdUiqcq,7331168.0,80310.0,13.0
4Wc98oLOg1IuVCGqIhTDVj,79521.0,41333.0,178.0
4Wxtt0dAbPrXZDu4wfR8dN,947724.0,105261.0,147.0
4X2iEvLVDm1Acd8Xmxw1ZC,5566253.0,290256.0,5.0
4XYIKLWUw0QYjcftHNvAYW,1862215.0,321736.0,50.0
4XkEva4YsNmPQBLe8V126L,1454877.0,140578.0,152.0
4XzIYDVTvh1H4Egm50RuLw,41212.0,41212.0,150.0
4YJVXeScYoka1p1cAWRqlM,440768.0,195504.0,91.0
4YSryHqsD82Krc81l1EJD5,5834278.0,196049.0,52.0
4ZEcVT9Po6mt11r7dr95jB,215683.0,116950.0,129.0
4ZVb8ZUjzUJOTP1RNqUC9y,226267.0,122421.0,111.0
4a5wfF0SGh3XnDSvihVw79,844478.0,35000.0,80.0
4acXEYw7ayyJnm9GXDrqiL,10863450.0,1097224.0,4.0
4av2EVm9R6KhtXjxKUGTW5,63598.0,63598.0,174.0
4cS5TlYZ4OlOVKYaSvmZK3,7820.0,7820.0,102.0
4cdY6unqCUrHHI7KOELiaq,148625.0,148625.0,194.0
4cdlZnUEuT8EYisPQkf01g,1836757.0,261361.0,61.0
4eeflgjzTF8xN8U2E0dech,14791076.0,748266.0,9.0
4exlWP8cokkWVCvyP3kg7c,48889695.0,1611555.0,1.0
4feNnnBOPGY8VaoIk1Q0Mp,91467.0,91467.0,198.0
4fj4Jn4nw8fGX8xdbCntJf,37723176.0,768047.0,8.0
4fpd6aRKixkz7usrx7QQkh,84236.0,23868.0,146.0
4gaxEUZE4z9pJAVTSFwgQI,16722214.0,462820.0,28.0
4h3K653rm69JYWpO4du2BJ,18499965.0,200333.0,80.0
4hdOYl6xm8ry6hZzn9pBqw,1869772.0,440525.0,32.0
4ih9noxBfg7euMjCPO0qNH,24377134.0,477576.0,1.0
4inMQ83GNpQ2OHDredH5hW,198675.0,51245.0,157.0
4jWmhzf53Q0ZvZMuGdiR9x,29545653.0,580811.0,9.0
4kjA6oaloTf6ndyntyhZx8,181490.0,100329.0,149.0
4nXrVH5xwN1w6TpmP7uu8n,35749154.0,1283117.0,4.0
4oGgxjxVOI69h9uOpHOzwn,5142964.0,515495.0,10.0
4pE1DzYULn6pgud2WcqNs3,2163562.0,380466.0,8.0
4pLNKd4adQqEUvDfm4Q6wC,1518298.0,187179.0,61.0
4pVdTj38qEwfPNjv1LYbu0,105423.0,105423.0,199.0
4qJSUFwZFouto5VZUlln75,32790046.0,361430.0,34.0
4qYfRfSxsmhJ1WMaywtLyI,44847339.0,2119284.0,1.0
4r12MbGoZQBt6SQpFyFXq8,508507.0,177414.0,118.0
4r7hIDwLsasMfj6nk2Wrib,2411587.0,137242.0,43.0
4rIBbB1vt0lEKDG2UTmfP0,3713452.0,309589.0,59.0
4rPrBNnDgdZpS5gosHv0yr,1749424.0,126036.0,33.0
4s9KzC1CduhQWbekLNCLLB,90532.0,45914.0,152.0
4tqXSj46umlymdIxqY8zso,12988266.0,646137.0,13.0
4uZs35Zm7ivjQCM7v5nQj8,1399496.0,145127.0,118.0
4wC1f4Of7cufpkMCESrvAn,205311.0,68135.0,77.0
4wKcqsZZz2tN4JV7WQfQ70,355787.0,95903.0,10.0
4warbIYK76jjJOe87170eZ,55225.0,55225.0,168.0
4wuiHjpRp6Wm0SbNPvDs0W,763944.0,209674.0,112.0
4yD0oJQJOi8KknbskNpjGC,1417375.0,172374.0,114.0
4z5dAyLMnkKSHkOkwbR1RX,568870.0,90664.0,34.0
4zKM1dGCOYC2NYN8itGRQz,93594.0,93594.0,167.0
4zZ8Ulh3NTPoBLZjdVCm8e,116270.0,116270.0,124.0
50NsdT6u77MIFociYnvzsG,1822570.0,90792.0,1.0
5106KTen3ogiqKTYXnPbsW,839242.0,85432.0,43.0
51CcyloBVIi3VarN6KbSjv,36867.0,36867.0,142.0
51bYFYWODfYOZU0rwvjiCc,6159059.0,176075.0,32.0
52cD79EubHFgrw4lW0AnGB,2381098.0,274641.0,59.0
53UddVPWHb9p46hhcq5ix4,397254.0,109542.0,138.0
53zusvCJkyGYjEZ6bnLIjh,5837423.0,212485.0,49.0
54EzTMmlLYab5d9psfwmxZ,314784.0,130369.0,31.0
54UNNgtE3zzERwTuWSQLqd,27245076.0,301255.0,5.0
55K3e7BGewGDUJ4ZQwkh7M,47044.0,47044.0,165.0
569B75eNRVDABuNz286Npc,73052.0,40200.0,109.0
56n21o9wtl9IjFVsGe7BG1,6417064.0,137463.0,62.0
57lYw21pS9FprSeJimskIC,3134767.0,386620.0,3.0
59LeatGytui1mQleoiEnWM,1803971.0,275083.0,57.0
5AmFbL7MClvRYfzae0EUHn,129120.0,129120.0,177.0
5AsZiMkbxLlR68WM3HHKWZ,388885.0,215484.0,113.0
5B66uVtd4X6Tls9I2VQm4N,4912795.0,172183.0,28.0
5BJqg07SKgmFnVLOBmLFvq,2856101.0,174790.0,109.0
5BO3cbaQDOtf9uZajElRAB,48157.0,48157.0,199.0
5BTzf3doGTigDIYUFtbkI9,40282684.0,381862.0,17.0
5Bti0azlFhMattVY76qFr9,33175625.0,259409.0,17.0
5C1O3fpMsiisJpHiB1uuDf,18234432.0,565059.0,13.0
5FFVQGnZuJt9iAYpasTeq4,2175684.0,237576.0,40.0
5FLgwSb4vP10d0nIo5N0tR,25608.0,25608.0,169.0
5Fmtix3LkYpcXI7nVFpEyC,764465.0,176118.0,27.0
5Fx8zxEEaPMkwzM00JFr3N,2002989.0,89361.0,84.0
5GXCpnyiCviIiAiZn13tzn,1841364.0,42416.0,72.0
5H7UgZQk2p5x4nmeuDjmE4,2602486.0,295145.0,3.0
5HuDnBhNLj5m865LowtgZQ,1414783.0,270085.0,28.0
5ID0XfoI7DalBK8veu0MFC,224916.0,224916.0,83.0
5IO873C4IP8pXdsXcJiBes,3055293.0,67895.0,73.0
5IZDnmnMBzLnE6APoYL26d,7990608.0,1394677.0,4.0
5J3m0taZ0W1E9HTE0MwcSv,27994408.0,680502.0,9.0
5J90ah0ppUSev1uahqQiN6,20172080.0,262317.0,19.0
5JTZCDMaElB4ZBJc41YhMB,1625080.0,317012.0,41.0
5JoQSuMrHdu7BcgIY9hDcX,1893235.0,352814.0,48.0
5K2VTtm9skwbbVP54E0I4E,2029901.0,408928.0,6.0
5KWeHCDuYBslakPuaoQ9yB,1116292.0,120261.0,6.0
5KYv3kORBKUmVEoqbRRWxt,2420762.0,204511.0,12.0
5Msoarj5hk9LguTtiIyqug,16593558.0,430926.0,2.0
5NxZpeMGUQ5T5At5xZM5Hf,1081028.0,117716.0,48.0
5OrpSDeWfWr33q0a5Ydfhr,890756.0,216443.0,111.0
5P5lTAd4r6ro0rMpjwg34u,100893.0,61727.0,80.0
5P7kRfpLaQRQsHKhgqximh,754392.0,210060.0,48.0
5PFMVgxcZ5BXQQHCi8vsCM,705160.0,237352.0,38.0
5PGh9MyKry8slG5AfvD1eD,12206960.0,453116.0,12.0
5Pm00siVfiAzfwKiYa3C4U,139841.0,30603.0,96.0
5S2ObREaW7Dl1XMMC7SxGX,1675621.0,396046.0,21.0
5T6j0rfpCDBzAxC8Fpd0N7,37147128.0,399579.0,2.0
5TtNxUZBjYR4wgzOpHpS7h,5869522.0,387295.0,23.0
5U30iZBlmxkpHqzb1OSnBS,10191216.0,131429.0,77.0
5U5aFzSWZVGe5gg8eCc8ft,2115990.0,38105.0,62.0
5UeD0rVFJXXl3HGjKiZbrt,222659.0,22623.0,166.0
5VGOYjxkEaf19LoRPIolD2,3349944.0,282581.0,78.0
5WHuqG7vz4Hy0BU47fPpVp,1894989.0,38814.0,108.0
5Wgify5hhk544rP3bSp38q,2194512.0,183099.0,50.0
5WkJN8HoGWMrd0yDI0OxwA,197713.0,197713.0,130.0
5XfGQZA0ioQAWUjlyJRcHc,12200077.0,553753.0,8.0
5XfGQZA0ioQAWUjlyJRcHc,12200077.0,84806.0,8.0
5Y2oddbjVGb9vr3ZQroSQF,38816.0,38816.0,200.0
5Yau5Tu3KRT9ojyIsv59Um,32261.0,32261.0,181.0
5YiNxgEQQTuFi5dKLxxjWm,7602469.0,383332.0,27.0
5YiqPAVbiFUj1G1qvbXo0X,7963169.0,296463.0,14.0
5ZFkQ67FtnmtWLVh2AkAhi,127580.0,127580.0,195.0
5bDYi5F6QeZvjxzF6WUfea,5015745.0,818219.0,5.0
5c1jQljrWLboweMtHesFT1,144378.0,144378.0,183.0
5ca1aUHYwTDNO5E6unithq,2310134.0,468115.0,33.0
5cml547MByVlaVrKU2lJTg,17117491.0,269824.0,18.0
5cn5oHiXJTLiuthgbgfkMh,6692717.0,221842.0,104.0
5dZHey2U2xrNpvgyop8URS,5183425.0,171975.0,2.0
5f4u0kPnU21qNe6fXgAUiV,3843856.0,389753.0,26.0
5gBLuVQ6Ba7Ab6nlTROxFY,2023651.0,176398.0,43.0
5gn0Df0Aa7EM98shC3daR6,1612317.0,199219.0,137.0
5i17rzCuZfYVzoP441PXGu,57729.0,57729.0,107.0
5iMdP8UpQS4Vn43R30fhhs,113514.0,61142.0,130.0
5iZHnufFUgATzrpGgH1K0W,38742587.0,329462.0,1.0
5jL0h9UUmy8NXq5Kz0E7Po,289938.0,87216.0,108.0
5kJMW3pK49PvQDtpVryHf5,4177735.0,229069.0,31.0
5lGvFOz1d6659Llxqx1qAH,157535.0,157535.0,191.0
5m6oe6saYJkVSbouNrNfUw,191609.0,191609.0,144.0
5mBWIm9EGnhZRYBYgAS72m,4859900.0,139024.0,3.0
5mG5cQE6SEYxnGCX3I09IC,4167999.0,511007.0,2.0
5nD5PVXUkIpv0WcwfNFrgS,19783090.0,237792.0,4.0
5oCu6XaPGcaTmpMX3NnQ4m,30489.0,30489.0,149.0
5oFEvbM7lGnx8jfAkuhVyo,16916377.0,1409741.0,3.0
5oFEvbM7lGnx8jfAkuhVyo,16916377.0,207393.0,2.0
5oaIMITSxQkzWe03fh2FUU,37949.0,37949.0,163.0
5pf3f5rhtUnZ1PeTcHKVdz,3796467.0,77684.0,9.0
5pjrSk2jdRrFUfQuCQrQC9,2439008.0,195835.0,6.0
5ppEcbmLECxrMYgDxwIJaP,483274.0,126564.0,186.0
5qbjUmVV1yOOjcMOInNPYD,14388792.0,283242.0,18.0
5qr3vaUs2uL0kdyPnNG3VA,112512.0,43275.0,128.0
5rvn7zGZYmFDq27Y2P7tPu,72477.0,37150.0,156.0
5sGAdzerznua6nkFZr4jW6,2734661.0,278339.0,69.0
5tGyy0xulegIEiuJij70WY,195947.0,74202.0,16.0
5tdz7T4hTxA1ipJMBe24uX,7082172.0,231368.0,78.0
5usije28Kb2Dvzg1kZaa21,44717.0,44717.0,150.0
5uye47llqkE8Oyn56Y3IkW,1242185.0,88350.0,26.0
5v3J1lYjtJgEM1buAa1Oe5,538379.0,173397.0,61.0
5xfeQsy7aUdM1pHvTRZMDI,314488.0,91136.0,49.0
5yNB5nPXblrSwtS9d0ssAU,2418939.0,269936.0,61.0
5yrPkBvOBvqfSjDhoRzDlO,10429463.0,455060.0,3.0
62SFLTN7txImu8pQwBMP6A,14187288.0,490522.0,4.0
62bwj2FZsr0ljcap1FEf8g,5452960.0,348854.0,41.0
62yjCIcPBDX9v2XubelRxt,46332.0,23311.0,119.0
63q4o5Nh1ykbhdo4rKEW9c,4821415.0,117193.0,29.0
63qZf6349d3ngku9hrzLac,4621009.0,244380.0,5.0
63sss8NjI2cmUWe1D3WwnS,239602.0,124102.0,197.0
64MtOI3pXkAdqluI5VH2bC,548401.0,140858.0,84.0
64MtOI3pXkAdqluI5VH2bC,548401.0,25475.0,54.0
64PCybDxes3edHijrcsPV4,5193047.0,794218.0,6.0
64uzIqhEOq1veSVO03Ux7D,1331020.0,233527.0,111.0
6523STZxyVjkdIKPB6CHfH,617583.0,92398.0,27.0
65uxT4ZGe6eOABj1g5V2Fj,402297.0,59320.0,78.0
66KCoeGPimoVR3FInucM9Q,712929.0,99339.0,29.0
67Cxa088HT5J5OJ0SWB6Ip,886702.0,95847.0,145.0
67XDF7KTKW0aBj1Sj3gi6x,62546.0,32341.0,175.0
696w9BHmEY62myVCSDyrYW,7254143.0,108923.0,6.0
69CA72t8PPWgEFExXhuqII,698647.0,233404.0,80.0
69EwGs863aPS8olgCWtZ8J,30506.0,30506.0,187.0
6AH74QQxzjqTsvj7lFQoqy,493504.0,177747.0,131.0
6Aq4aOWwYShupneZy71zE4,760342.0,185614.0,55.0
6B4AdZzwagId7wvWeJEkiq,1145013.0,129176.0,11.0
6Bh5qRgU4AysQh3Vv2N5Nt,907851.0,99575.0,51.0
6C1uzaA6dThCNQt89fk4kJ,99001.0,99001.0,158.0
6D94p9ASguBcYlDC0o56vx,24980485.0,542111.0,24.0
6DyotcCWPqKQT8YWireU6L,11698842.0,213607.0,65.0
6GJi4nSZOiTOU2FhsgxWyH,17816142.0,584785.0,1.0
6GUGn0yUS6PvyYIXOoaT4j,1190423.0,239868.0,29.0
6HE6jZ7J0T6Rry0lcGTZYv,416380.0,101899.0,22.0
6HGOxrNik4iPurqStawTFQ,7476733.0,1868074.0,2.0
6HpkHTTwfVmSoopeloHqOp,5195822.0,457464.0,4.0
6Hs2xIgB8nzyGFDvVA8lFa,33778881.0,346132.0,4.0
6IHLOkgZftkcqS3fM0jMCT,14574495.0,769703.0,10.0
6INhamAhXUTRuXliyDirMV,394941.0,209674.0,112.0
6IQ4jy1T0Ddkfmo8gfrzL4,34698.0,34698.0,129.0
6IUEwlNgVnT5CYeBuq6DTH,1616548.0,652862.0,3.0
6IXoUck5836HxHL4y1DoYu,60119.0,60119.0,153.0
6ImWeruCQWxZ9WNodYwjvg,158280.0,158280.0,179.0
6IrjIvxxqZuidkENjW72Q5,249298.0,58975.0,109.0
6JCgjW0daPZ2hkkciOPTX4,59475.0,59475.0,140.0
6KgZf5gZgF1KLNxq1qZgHP,24693899.0,777726.0,7.0
6MgCMS8q3NA89TnVuPLvIN,3051108.0,380466.0,8.0
6NAlg9IZh3T3uQVeBtmjo3,162443.0,69650.0,63.0
6NCBemUJvjspFiLuATSUm3,175176.0,58734.0,74.0
6P7xEmk7ZZYz0AV84uOwiW,4475128.0,568782.0,11.0
6PmjpeFEpxxAmuVmGkdWPJ,230957.0,120914.0,130.0
6PmjpeFEpxxAmuVmGkdWPJ,230957.0,27531.0,55.0
6Q2oEdOhRjZ1DTv2a7j0lN,5932603.0,228624.0,84.0
6Rah0twMGdoudVfDpscqpo,133391.0,133391.0,181.0
6SdPpLl72QarBuaxv7FNGw,1158560.0,246843.0,31.0
6SjnTRDyTM162pPOAM0O8M,792609.0,98550.0,62.0
6SlgEjTI7VVT7FVFfDAx17,177847.0,55363.0,84.0
6VXVYATpQXEIoZ97NnWCmn,47987480.0,554094.0,2.0
6VvFEO2TRnAm3AIjItNSuU,164551.0,164551.0,119.0
6Wi18yv3aoO0ZF4uulguof,5193949.0,168179.0,55.0
6Yr49px8UOb8LEwY2eORNV,1298986.0,35000.0,80.0
6a1uj8onBHUi6TKSREPxHY,1480883.0,363693.0,48.0
6aeU5IH8DB1qHK5jRFTNUv,3366413.0,185884.0,7.0
6ahYdGHGTfy83VwR4AhQi9,287997.0,157206.0,135.0
6avf87RlBlDYMbdcRx2tDK,610765.0,212839.0,120.0
6bXmKNVe9YIjoyDbz04nWg,2084587.0,93749.0,39.0
6cVohsG3hJgnctUZ1eLJFH,352262.0,64407.0,59.0
6cc5PzJUddXskJGHJINw9F,694571.0,694571.0,11.0
6e7oHe23DEca4sEOgu5bPd,203319.0,203319.0,82.0
6eOD2p1cGmxLiYA0UR03O1,243608.0,123318.0,141.0
6eZXnm0149lcpJYP2GAPvP,99219.0,99219.0,164.0
6ecdnYq7ob5tvxlT3U2xwV,1522801.0,183604.0,175.0
6f7M5UzYYeLFCMIBQhxk2J,10505421.0,631748.0,7.0
6fDa6IEt8EAFkHH4hShFK4,2927358.0,105857.0,68.0
6hLEsk1t37XKNwtTQ3iI1b,1080279.0,167425.0,17.0
6hUpxEKFSjS8metuA1yxlf,7186627.0,273953.0,48.0
6iXGivPFpsqKmrINhIbPvx,33585390.0,225401.0,10.0
6jOP08e9PHDnoF3reZcePE,3443768.0,204370.0,4.0
6jcLKVmEKAQIXIVHJZ8vzS,22032395.0,259629.0,46.0
6jdOqxknJi9PTw32wd3eJZ,210281.0,210281.0,96.0
6kCU6i8iRrAAmJJ8Sj4JYC,13248410.0,357148.0,44.0
6lhwqbxrVsfCdTpfb7ga34,1680550.0,248911.0,66.0
6lmJXxTcLTe6bdgwSfTqhO,1099122.0,54857.0,44.0
6m1oexLqQpf9nbrkrHXOWc,1809114.0,54935.0,82.0
6mnkGSgd8eHVv1C38pDP9o,1300723.0,93949.0,85.0
6muALFzH8p6LSY7b4vwOdi,76642.0,25834.0,86.0
6omqlTpk0xulezHygipOZx,440074.0,176246.0,118.0
6osYEcGOlS3jEedcW96GlM,47994.0,20519.0,16.0
6r5o9yIc16ZvymXUKJQ1yy,6126408.0,710654.0,8.0
6s9xQXSKc8tYMe1ZH5aiYs,1444646.0,308446.0,48.0
6sIWcLjuMvOcxAfMOx1kbB,1484904.0,201277.0,76.0
6uxuJ8Fr1AAfSPJUF9N1yr,31718731.0,339091.0,1.0
6wf0EooFR9eCHQ0AbBbC6q,196741.0,70123.0,64.0
6wf0EooFR9eCHQ0AbBbC6q,196741.0,12666.0,45.0
6xKs4CnVadRzdNZ48vhT27,4703691.0,258987.0,54.0
6xNed18guKRAOZMkvlxFA5,132820.0,132820.0,178.0
6yLbighkE0kn1OH9zd4aBi,347695.0,227833.0,63.0
6zrQLaZG0OlT63oUDwFKri,2849939.0,139759.0,66.0
703QXwWn5KdNaoviarYHAO,4191519.0,219394.0,1.0
70SyyW2Z1A5UNY3g8bPo5I,1798259.0,126403.0,2.0
70cMlm2Ib00pnJHtjMem9b,167076.0,26268.0,125.0
719Z1dnp95fwmbs2st1PKn,213029.0,106806.0,144.0
72NMPuJCRsOUoXQJdzVfdo,6551566.0,658324.0,15.0
72ictTz6o0dusD2QpCn4bn,8814132.0,362039.0,39.0
73ax9vvEPz8yXm9TCrn2Y1,694984.0,291815.0,53.0
74WxAcXpJGlxjGee6elaiX,139968.0,139968.0,105.0
74bsZnXDo2BKMeFJcEPLb9,41491.0,41491.0,133.0
758HpAro9xbPugUESFncw0,442445.0,186025.0,62.0
75NgcOsgURBLTPpRzAsxp0,290706.0,37250.0,156.0
76LJNZFUi9NOGkpZnIIRVX,394124.0,251200.0,71.0
76UWLyJm10LudXC3rdYSRO,1215368.0,270518.0,85.0
76zJmpyMFX49tGT3u06JaK,1184161.0,296642.0,13.0
786cTF2koRtvnQd4HZCrJi,1974777.0,248911.0,66.0
78lw4wahFNotXb0mOEtPkM,12440870.0,416895.0,20.0
79ME0P8ch9estARqe674HK,1301669.0,130240.0,8.0
7AD5F85waSb3yZxZxEXhJM,20134331.0,269455.0,20.0
7Cjsw965r7mVK888ZqP6Wo,8332574.0,587251.0,18.0
7CoOFEoC3xg3iJ2srBsizf,1788583.0,179034.0,106.0
7D9tiidrBDQRgCENeIhko0,680461.0,225383.0,61.0
7ESH2ntyD5Bb1XckoJU554,2929790.0,581312.0,19.0
7EaPodlfG3tbhshy7MKzTL,706099.0,163422.0,75.0
7Ebm9NxzNhUX2FxzBl1kwm,491646.0,321439.0,41.0
7FX4Ae2nf5U6Y42AEMR9lc,2039087.0,342256.0,48.0
7HEXZEi0o68fflNYw4xhKB,732653.0,166798.0,56.0
7HEXZEi0o68fflNYw4xhKB,732653.0,26424.0,52.0
7KNVYQdx7arRoeEJi9C9IR,769381.0,31600.0,84.0
7LVrrX8pkzI9fMF88nGabt,34177750.0,627702.0,3.0
7MObIQOs5ESkbcihA9dcsz,974084.0,178226.0,22.0
7bgTQM4WaCDHMVxYxP78qq,734987.0,229396.0,121.0
7bmk1GEufZOrycr3HXZGN2,31669.0,31669.0,148.0
7bn8ckDTI4EQIKZ6jRL4K0,336125.0,171030.0,60.0
7eDrdQ7PK9Xm1CZCKWsgmH,12488035.0,211850.0,19.0
7fBS3lMEHU3XIzn6lXgH3X,530102.0,108367.0,26.0
7fCeYpR02Q8JVuD88hJZVT,15110169.0,959841.0,8.0
7fFvPlrcO79gXfErRuqaoC,1362223.0,31850.0,7.0
7fNHfgOxPLcg4mQLhCnOHB,16410775.0,194027.0,87.0
7gSQxwCpEMjg8wb6Y3oqe7,20129588.0,739010.0,6.0
7gSQxwCpEMjg8wb6Y3oqe7,20129588.0,114479.0,6.0
7h2zqUH4bYyknNUxsYnS5V,15581231.0,210065.0,33.0
7hkvAaJNRlnetwv8Se2kDA,2875331.0,201152.0,46.0
7hzVxbVA6Y5t9YDzpSgdRS,2080029.0,175850.0,12.0
7j3XQm7RR8T2EzaYtYK4rc,15439425.0,287363.0,51.0
7jLSThU5Kg1RWt19Leiaxm,50007517.0,582379.0,1.0
7jbnA8sL3dpOYRrFrVURf0,454822.0,129394.0,96.0
7kKu4NWeBh01I6aTIEP9bg,6635336.0,444311.0,27.0
7kgzRBNkBRArtTPkYjWLYT,34510666.0,314877.0,9.0
7kpNUrBDYDoX6QKGzrBD1R,18516223.0,394385.0,8.0
7len778YJVqS6VHtUZ9SrG,1021814.0,183141.0,60.0
7len778YJVqS6VHtUZ9SrG,1021814.0,37318.0,23.0
7lkWAB0Ru7WEa0mkdgiqJG,3742274.0,283351.0,1.0
7mA9oPfWSMXKOdPZqyow55,140261.0,140261.0,124.0
7mblTCdc14ylJ1JW71MODb,7723737.0,710311.0,11.0
7nmpSarD95GZjdlzIpSKZR,58863.0,58863.0,155.0
7oBUoEbCDF748UkHnLusUB,26547962.0,186985.0,5.0
7oX6qKTnKeVG6iT0qG1i29,4357434.0,151996.0,32.0
7paCdW3grnoEi95tjO1OkG,7830158.0,211593.0,110.0
7pqx5vF7DzkVtEdsXQ9iua,3425109.0,308446.0,48.0
7rBaTQRsf7BHcFfvXQBSHR,65707.0,65707.0,163.0
7rIPVGTU46ILYVrrblSu4P,185302.0,80239.0,81.0
7rjtRM1AgmmraeTTX8tofW,4602607.0,1015097.0,1.0
7sZgN8O9VpGPbNv4TWfvTy,203317.0,75152.0,139.0
7sZgr8RsXkDwkmiQok691a,4043214.0,190265.0,85.0
7skGrIrRzO0APhASzAKfNi,1706404.0,44908.0,90.0
7ssVARiCxa9KentfZXhZEr,516579.0,113367.0,23.0
7td8DTWoGC9u9db37mGHX6,13190186.0,473231.0,8.0
7uowi8hg7oAnwhOddWyy5r,6648.0,6648.0,134.0
7vJyCz6Q8AE13xfPo6iQAz,2093232.0,94591.0,6.0
7vKjOiBl4LiaQaPM3M0UwW,656255.0,259467.0,98.0
7wHBNIBO353lf9aVvmUydT,1510786.0,37727.0,57.0
7wj9sGlHGTMQ28liyi48hz,29317631.0,1611555.0,1.0
7wkX67ruxr3x2GFz6vyIX9,26064478.0,339091.0,1.0
7yfcQynap4xcNqnydaFw83,5277866.0,535264.0,9.0
7zKDCM8YoeC3tqHV5ZmFuy,602163.0,35897.0,162.0
7ztDtVVfNu7HWsMlN49QPa,45342.0,45342.0,130.0
